city,lat,lng,country,iso2,admin_name,capital,population,population_proper
Sydney,-33.8650,151.2094,Australia,AU,New South Wales,admin,5312163,4840600
Melbourne,-37.8136,144.9631,Australia,AU,Victoria,admin,5078193,4529500
Brisbane,-27.4678,153.0281,Australia,AU,Queensland,admin,2514184,2360241
Perth,-31.9522,115.8589,Australia,AU,Western Australia,admin,2059484,2039200
Adelaide,-34.9289,138.6011,Australia,AU,South Australia,admin,1345777,1295714
Gold Coast,-28.0167,153.4000,Australia,AU,Queensland,,679127,638090
Cranbourne,-38.0996,145.2834,Australia,AU,Victoria,,460491,39419
Canberra,-35.2931,149.1269,Australia,AU,Australian Capital Territory,primary,426704,381488
Newcastle,-32.9167,151.7500,Australia,AU,New South Wales,,322278,152984
Wollongong,-34.4331,150.8831,Australia,AU,New South Wales,,302739,289236
Geelong,-38.1500,144.3500,Australia,AU,Victoria,,263280,191440
Hobart,-42.8806,147.3250,Australia,AU,Tasmania,admin,240342,222356
Townsville,-19.2564,146.8183,Australia,AU,Queensland,,180820,178649
Ipswich,-27.6167,152.7667,Australia,AU,Queensland,,163000,163000
Cairns,-16.9303,145.7703,Australia,AU,Queensland,,152729,146778
Toowoomba,-27.5667,151.9500,Australia,AU,Queensland,,136861,135631
Darwin,-12.4381,130.8411,Australia,AU,Northern Territory,admin,136828,136828
Ballarat,-37.5500,143.8500,Australia,AU,Victoria,,105471,98543
Bendigo,-36.7500,144.2667,Australia,AU,Victoria,,99122,95587
Launceston,-41.4419,147.1450,Australia,AU,Tasmania,,87328,87328
Mackay,-21.1411,149.1861,Australia,AU,Queensland,,80148,3659
Rockhampton,-23.3750,150.5117,Australia,AU,Queensland,,78592,78592
Maitland,-32.7167,151.5500,Australia,AU,New South Wales,,78015,1885
Bunbury,-33.3333,115.6333,Australia,AU,Western Australia,,74363,71090
Coffs Harbour,-30.3022,153.1189,Australia,AU,New South Wales,,71822,25752
Bundaberg,-24.8500,152.3500,Australia,AU,Queensland,,70921,70540
Wagga Wagga,-35.1189,147.3689,Australia,AU,New South Wales,,56442,54411
Hervey Bay,-25.2853,152.8728,Australia,AU,Queensland,,54674,54674
Shepparton,-36.3833,145.4000,Australia,AU,Victoria,,51631,31197
Albury,-36.0806,146.9158,Australia,AU,New South Wales,,47974,4804
Port Macquarie,-31.4333,152.9000,Australia,AU,New South Wales,,47973,44830
Pakenham,-38.0712,145.4878,Australia,AU,Victoria,,46421,46421
Tamworth,-31.0833,150.9167,Australia,AU,New South Wales,,42872,180
Caloundra,-26.7986,153.1289,Australia,AU,Queensland,,41293,41293
Orange,-33.2833,149.1000,Australia,AU,New South Wales,,40493,38097
Dubbo,-32.2569,148.6011,Australia,AU,New South Wales,,38392,38392
Geraldton,-28.7744,114.6089,Australia,AU,Western Australia,,37648,37648
Nowra,-34.8833,150.6000,Australia,AU,New South Wales,,37420,9193
Bathurst,-33.4200,149.5778,Australia,AU,New South Wales,,36801,35020
Queanbeyan,-35.3533,149.2342,Australia,AU,New South Wales,,36348,6237
Frankston,-38.1580,145.1350,Australia,AU,Victoria,,36097,36097
Sunbury,-37.5811,144.7139,Australia,AU,Victoria,,36084,36084
Warrnambool,-38.3833,142.4833,Australia,AU,Victoria,,35214,29661
Wodonga,-36.1214,146.8881,Australia,AU,Victoria,,35130,18948
Albany,-35.0228,117.8814,Australia,AU,Western Australia,,34205,29373
Gladstone,-23.8489,151.2625,Australia,AU,Queensland,,33418,33418
Mildura,-34.1889,142.1583,Australia,AU,Victoria,,32738,32738
Southport,-27.9667,153.4000,Australia,AU,Queensland,,31908,31908
Alice Springs,-23.7000,133.8667,Australia,AU,Northern Territory,,31120,31120
Dandenong,-37.9810,145.2150,Australia,AU,Victoria,,29906,29906
Kalgoorlie,-30.7489,121.4658,Australia,AU,Western Australia,,29849,29849
Mount Gambier,-37.8294,140.7828,Australia,AU,South Australia,,29639,25512
Lismore,-28.8167,153.2833,Australia,AU,New South Wales,,28720,3579
Maryborough,-25.5375,152.7019,Australia,AU,Queensland,,27282,15406
Quakers Hill,-33.7344,150.8789,Australia,AU,New South Wales,,27080,27080
Gawler,-34.5981,138.7450,Australia,AU,South Australia,,26472,942
Caboolture,-27.0667,152.9670,Australia,AU,Queensland,,26433,26433
Ballina,-28.8333,153.5333,Australia,AU,New South Wales,,26381,8655
Taree,-31.9000,152.4500,Australia,AU,New South Wales,,26381,16197
Traralgon,-38.1958,146.5403,Australia,AU,Victoria,,25485,24933
Busselton,-33.6478,115.3458,Australia,AU,Western Australia,,25329,25329
Armidale,-30.5000,151.6500,Australia,AU,New South Wales,,24504,24504
Goulburn,-34.7547,149.6186,Australia,AU,New South Wales,,23835,22419
Devonport,-41.1806,146.3464,Australia,AU,Tasmania,,23046,23046
Bacchus Marsh,-37.6750,144.4389,Australia,AU,Victoria,,22223,6394
Whyalla,-33.0333,137.5667,Australia,AU,South Australia,,21742,21742
Cessnock,-32.8342,151.3555,Australia,AU,New South Wales,,21725,15177
Gympie,-26.1900,152.6655,Australia,AU,Queensland,,21599,10803
Griffith,-34.2900,146.0400,Australia,AU,New South Wales,,20251,18196
Kwinana,-32.2394,115.7702,Australia,AU,Western Australia,,20086,17549
Burnie,-41.0636,145.8753,Australia,AU,Tasmania,,19385,19385
Wangaratta,-36.3583,146.3125,Australia,AU,Victoria,,19318,17377
Grafton,-29.6833,152.9333,Australia,AU,New South Wales,,19078,10408
Yeppoon,-23.1333,150.7333,Australia,AU,Queensland,,19003,6334
Murray Bridge,-35.1170,139.2670,Australia,AU,South Australia,,18779,14560
Mount Isa,-20.7333,139.5000,Australia,AU,Queensland,,18588,118
Narangba,-27.2015,152.9655,Australia,AU,Queensland,,18573,18573
Mount Eliza,-38.1890,145.0920,Australia,AU,Victoria,,17888,17888
Broken Hill,-31.9567,141.4678,Australia,AU,New South Wales,,17734,17734
Nerang,-27.9956,153.3220,Australia,AU,Queensland,,16864,16864
Karratha,-20.7364,116.8464,Australia,AU,Western Australia,,16708,16708
Mount Barker,-35.0667,138.8500,Australia,AU,South Australia,,16629,13842
Horsham,-36.7167,142.2000,Australia,AU,Victoria,,16514,14543
Lara,-38.0167,144.4167,Australia,AU,Victoria,,16355,16355
Singleton,-32.5667,151.1697,Australia,AU,New South Wales,,16346,5000
Port Lincoln,-34.7322,135.8586,Australia,AU,South Australia,,16326,14120
Banora Point,-28.2225,153.5386,Australia,AU,New South Wales,,16167,16167
Warwick,-28.2152,152.0352,Australia,AU,Queensland,,15380,12222
Rochedale,-27.5952,153.1233,Australia,AU,Queensland,,15317,15317
Kempsey,-31.0833,152.8333,Australia,AU,New South Wales,,15309,474
Ulladulla,-35.3486,150.4678,Australia,AU,New South Wales,,15278,15278
Sale,-38.1000,147.0667,Australia,AU,Victoria,,15135,13673
Echuca,-36.1333,144.7500,Australia,AU,Victoria,,14934,14043
Australind,-33.2800,115.7260,Australia,AU,Western Australia,,14539,14539
Broome,-17.9619,122.2361,Australia,AU,Western Australia,,14445,4042
Port Hedland,-20.3100,118.6011,Australia,AU,Western Australia,,14320,4180
Warragul,-38.1500,145.9333,Australia,AU,Victoria,,14276,14276
Port Pirie,-33.1858,138.0169,Australia,AU,South Australia,,14188,195
Barwon Heads,-38.2500,144.5167,Australia,AU,Victoria,,14165,14165
Emerald,-23.5167,148.1500,Australia,AU,Queensland,,14119,14119
Ulverstone,-41.1667,146.1667,Australia,AU,Tasmania,,14109,14109
Morwell,-38.2333,146.4000,Australia,AU,Victoria,,14026,13771
Gisborne,-37.4900,144.5889,Australia,AU,Victoria,,13963,8999
Port Augusta,-32.4925,137.7658,Australia,AU,South Australia,,13799,6562
Forster,-32.1806,152.5117,Australia,AU,New South Wales,,13740,13740
Penrith,-33.7511,150.6942,Australia,AU,New South Wales,,13295,13295
Torquay,-38.3333,144.3167,Australia,AU,Victoria,,13258,13258
Jimboomba,-27.8333,153.0333,Australia,AU,Queensland,,13201,13201
Lithgow,-33.4833,150.1500,Australia,AU,New South Wales,,12973,5201
Bowral,-34.4792,150.4181,Australia,AU,New South Wales,,12949,10335
Goonellabah,-28.8150,153.3178,Australia,AU,New South Wales,,12900,12900
Raymond Terrace,-32.7615,151.7441,Australia,AU,New South Wales,,12820,12820
Leopold,-38.1892,144.4644,Australia,AU,Victoria,,12814,12814
Dalby,-27.1833,151.2667,Australia,AU,Queensland,,12719,12719
Campbelltown,-34.0733,150.8261,Australia,AU,New South Wales,,12566,12566
Colac,-38.3403,143.5847,Australia,AU,Victoria,,12547,9048
Muswellbrook,-32.2654,150.8885,Australia,AU,New South Wales,,12364,12075
Esperance,-33.8611,121.8919,Australia,AU,Western Australia,,12145,2144
Drouin,-38.1333,145.8500,Australia,AU,Victoria,,11887,11887
Rutherford,-32.7150,151.5317,Australia,AU,New South Wales,,11884,11884
Nelson Bay,-32.7150,152.1511,Australia,AU,New South Wales,,11820,11820
Inverell,-29.7667,151.1167,Australia,AU,New South Wales,,11660,11660
Parkes,-33.0950,148.2628,Australia,AU,New South Wales,,11408,11408
Somerville,-38.2260,145.1770,Australia,AU,Victoria,,11336,11336
Gracemere,-23.4333,150.4500,Australia,AU,Queensland,,11315,11315
Batemans Bay,-35.7081,150.1744,Australia,AU,New South Wales,,11294,1530
Nambour,-26.6269,152.9592,Australia,AU,Queensland,,11187,11187
Swan Hill,-35.3333,143.5500,Australia,AU,Victoria,,11103,9864
Mareeba,-16.9833,145.4167,Australia,AU,Queensland,,11079,11079
Corinda,-27.4833,153.1000,Australia,AU,Queensland,,11019,11019
Samford,-27.3667,152.8833,Australia,AU,Queensland,,10931,796
Mudgee,-32.6125,149.5872,Australia,AU,New South Wales,,10923,10923
Casino,-28.8483,153.0511,Australia,AU,New South Wales,,10914,10914
Portland,-38.3333,141.6000,Australia,AU,Victoria,,10900,9712
Kingston,-42.9769,147.3083,Australia,AU,Tasmania,,10409,10409
Kingaroy,-26.5333,151.8333,Australia,AU,Queensland,,10398,10020
Kangaroo Flat,-36.8000,144.2500,Australia,AU,Victoria,,10394,10394
Bowen,-20.0167,148.2333,Australia,AU,Queensland,,10377,10377
Young,-34.3000,148.3000,Australia,AU,New South Wales,,10295,10295
Cowra,-33.8183,148.6578,Australia,AU,New South Wales,,10063,10063
Hamilton,-37.7333,142.0167,Australia,AU,Victoria,,9974,9974
Gunnedah,-30.9667,150.2500,Australia,AU,New South Wales,,9726,9726
Mount Evelyn,-37.7833,145.3833,Australia,AU,Victoria,,9702,9702
Andergrove,-21.0931,149.1860,Australia,AU,Queensland,,9419,9419
Moree,-29.4650,149.8344,Australia,AU,New South Wales,,9311,9311
Benalla,-36.5519,145.9817,Australia,AU,Victoria,,9298,9298
Currumbin,-28.1580,153.4690,Australia,AU,Queensland,,9121,9121
Wollert,-37.5970,145.0330,Australia,AU,Victoria,,9060,9060
Mittagong,-34.4500,150.4500,Australia,AU,New South Wales,,8999,5767
Kelso,-33.4186,149.6056,Australia,AU,New South Wales,,8968,8968
Yanchep,-31.5500,115.6340,Australia,AU,Western Australia,,8868,8868
Bentley,-32.0010,115.9240,Australia,AU,Western Australia,,8782,8782
Moe,-38.1722,146.2678,Australia,AU,Victoria,,8778,8778
Ayr,-19.5744,147.4066,Australia,AU,Queensland,,8738,8738
Moranbah,-22.0016,148.0533,Australia,AU,Queensland,,8735,8735
Leeton,-34.5483,146.4011,Australia,AU,New South Wales,,8623,8623
Moss Vale,-34.5483,150.3678,Australia,AU,New South Wales,,8579,8579
Wallan,-37.4167,144.9833,Australia,AU,Victoria,,8520,8504
Springwood,-33.6967,150.5683,Australia,AU,New South Wales,,8475,8475
Lesmurdie,-31.9940,116.0500,Australia,AU,Western Australia,,8437,8437
Forbes,-33.3833,148.0167,Australia,AU,New South Wales,,8432,8432
Emu Plains,-33.7483,150.6678,Australia,AU,New South Wales,,8421,8421
Rye,-38.3770,144.8380,Australia,AU,Victoria,,8416,8416
Darley,-37.6547,144.4370,Australia,AU,Victoria,,8372,8372
Ararat,-37.2833,142.9167,Australia,AU,Victoria,,8300,8297
Tweed Heads,-28.1833,153.5500,Australia,AU,New South Wales,,8176,8176
Highfields,-27.4581,151.9492,Australia,AU,Queensland,,8131,8131
Charters Towers,-20.1000,146.2667,Australia,AU,Queensland,,8120,8120
Melton,-37.6833,144.5833,Australia,AU,Victoria,,8069,8069
Katoomba,-33.7150,150.3120,Australia,AU,New South Wales,,7964,7964
Kilmore,-37.2833,144.9500,Australia,AU,Victoria,,7958,7958
Mooroopna,-36.3833,145.3500,Australia,AU,Victoria,,7942,7942
Yarrawonga,-36.0167,146.0000,Australia,AU,Victoria,,7930,7930
Maryborough,-37.0500,143.7350,Australia,AU,Victoria,,7921,7921
Deniliquin,-35.5317,144.9344,Australia,AU,New South Wales,,7862,7862
Mandurah,-32.5289,115.7231,Australia,AU,Western Australia,,7837,7837
Bli Bli,-26.6180,153.0370,Australia,AU,Queensland,,7801,7801
Kiama,-34.6708,150.8542,Australia,AU,New South Wales,,7700,6881
Narre Warren North,-37.9833,145.3167,Australia,AU,Victoria,,7674,7674
Narrabri,-30.3317,149.7678,Australia,AU,New South Wales,,7606,7606
Bairnsdale,-37.8333,147.6167,Australia,AU,Victoria,,7580,7580
Clifton Springs,-38.1500,144.5667,Australia,AU,Victoria,,7519,7519
North Tamborine,-27.9694,153.1992,Australia,AU,Queensland,,7506,7506
Bargara,-24.8205,152.4625,Australia,AU,Queensland,,7485,7485
Kingscliff,-28.2564,153.5781,Australia,AU,New South Wales,,7464,7464
Healesville,-37.6561,145.5139,Australia,AU,Victoria,,7461,7461
Fremantle,-32.0569,115.7439,Australia,AU,Western Australia,,7459,7459
Blaxland,-33.7453,150.6175,Australia,AU,New South Wales,,7451,7451
Atherton,-17.2658,145.4780,Australia,AU,Queensland,,7331,7331
Kyabram,-36.3167,145.0500,Australia,AU,Victoria,,7321,7321
Innisfail,-17.5236,146.0292,Australia,AU,Queensland,,7236,1145
Sanctuary Point,-35.1036,150.6267,Australia,AU,New South Wales,,7225,7225
Collie,-33.3630,116.1560,Australia,AU,Western Australia,,7192,7192
Gatton,-27.5611,152.2755,Australia,AU,Queensland,,7101,7101
Merrimac,-28.0500,153.3667,Australia,AU,New South Wales,,7071,7071
Murwillumbah,-28.3333,153.3833,Australia,AU,New South Wales,,7032,7032
Urraween,-25.2955,152.8219,Australia,AU,Queensland,,6969,6969
Kyneton,-37.2333,144.4500,Australia,AU,Victoria,,6951,6951
Bongaree,-27.0814,153.1633,Australia,AU,Queensland,,6947,6947
Roma,-26.5733,148.7869,Australia,AU,Queensland,,6848,6848
Mount Cotton,-27.6188,153.2210,Australia,AU,Queensland,,6835,6835
Cootamundra,-34.6483,148.0344,Australia,AU,New South Wales,,6782,6782
Beerwah,-26.8556,152.9600,Australia,AU,Queensland,,6769,6769
Castlemaine,-37.0636,144.2172,Australia,AU,Victoria,,6757,6757
Pottsville,-28.3869,153.5608,Australia,AU,New South Wales,,6704,6704
Cooma,-36.2350,149.1258,Australia,AU,New South Wales,,6681,6681
Gordonvale,-17.0936,145.7866,Australia,AU,Queensland,,6671,6671
Lysterfield,-37.9333,145.3000,Australia,AU,Victoria,,6663,6663
Bomaderry,-34.8480,150.6050,Australia,AU,New South Wales,,6661,6661
Chinchilla,-26.7397,150.6250,Australia,AU,Queensland,,6612,6612
Northam,-31.6531,116.6661,Australia,AU,Western Australia,,6548,6548
Yass,-34.8203,148.9136,Australia,AU,New South Wales,,6506,6506
Strathalbyn,-35.2667,138.9000,Australia,AU,South Australia,,6504,6504
Burpengary,-27.1442,153.0000,Australia,AU,Queensland,,6433,6433
Waterford,-27.6833,153.1330,Australia,AU,Queensland,,6431,6431
Lennox Head,-28.7983,153.5844,Australia,AU,New South Wales,,6407,6407
Beaudesert,-27.9880,152.9958,Australia,AU,Queensland,,6395,6395
Margaret River,-33.9550,115.0750,Australia,AU,Western Australia,,6392,6392
Helensburgh,-34.1833,151.0000,Australia,AU,New South Wales,,6383,6383
Goondiwindi,-28.5461,150.3097,Australia,AU,Queensland,,6355,6355
Seymour,-37.0300,145.1300,Australia,AU,Victoria,,6327,6327
Nambucca Heads,-30.6414,152.9906,Australia,AU,New South Wales,,6327,6327
Nuriootpa,-34.4667,138.9833,Australia,AU,South Australia,,6314,6314
Wauchope,-31.4650,152.7344,Australia,AU,New South Wales,,6312,6312
Tumut,-35.3039,148.2233,Australia,AU,New South Wales,,6230,6230
Tuncurry,-32.1750,152.4989,Australia,AU,New South Wales,,6186,6186
Glen Innes,-29.7500,151.7361,Australia,AU,New South Wales,,6155,6155
Yamba,-29.4333,153.3500,Australia,AU,New South Wales,,6076,6076
Wentworth Falls,-33.7164,150.3772,Australia,AU,New South Wales,,6076,6076
South Grafton,-29.7150,152.9344,Australia,AU,New South Wales,,6068,6068
Kurri Kurri,-32.8167,151.4833,Australia,AU,New South Wales,,6044,6044
Stawell,-37.0500,142.7667,Australia,AU,Victoria,,6032,5736
Cobram,-35.9667,145.6500,Australia,AU,Victoria,,6014,6014
Wynyard,-41.0000,145.7167,Australia,AU,Tasmania,,6001,6001
Naracoorte,-36.9550,140.7429,Australia,AU,South Australia,,5960,5960
North Mackay,-21.1216,149.1783,Australia,AU,Queensland,,5933,5933
Cannington,-32.0167,115.9500,Australia,AU,Western Australia,,5929,5929
Woodend,-37.3630,144.5260,Australia,AU,Victoria,,5806,5806
Dromana,-38.3380,144.9650,Australia,AU,Victoria,,5803,5803
Emerald,-37.9331,145.4370,Australia,AU,Victoria,,5778,5778
Biloela,-24.4002,150.5133,Australia,AU,Queensland,,5758,5758
Alstonville,-28.8317,153.4344,Australia,AU,New South Wales,,5739,5739
Cannonvale,-20.2863,148.6866,Australia,AU,Queensland,,5716,5716
Point Vernon,-25.2538,152.8177,Australia,AU,Queensland,,5699,5699
Palmwoods,-26.6883,152.9597,Australia,AU,Queensland,,5676,5676
Scone,-32.0833,150.8500,Australia,AU,New South Wales,,5624,5624
Whittlesea,-37.5139,145.1140,Australia,AU,Victoria,,5611,5611
East Ballina,-28.8594,153.5872,Australia,AU,New South Wales,,5571,5571
Sarina,-21.4225,149.2175,Australia,AU,Queensland,,5522,5522
Byron Bay,-28.6483,153.6178,Australia,AU,New South Wales,,5521,5521
Corowa,-35.9942,146.3844,Australia,AU,New South Wales,,5482,5482
Richmond,-33.5983,150.7511,Australia,AU,New South Wales,,5482,5482
Cooranbong,-33.0740,151.4510,Australia,AU,New South Wales,,5449,5449
Bullsbrook,-31.6630,116.0300,Australia,AU,Western Australia,,5448,5448
Inverloch,-38.6334,145.7278,Australia,AU,Victoria,,5437,5437
New Norfolk,-42.7828,147.0594,Australia,AU,Tasmania,,5432,5432
Stanthorpe,-28.6547,151.9350,Australia,AU,Queensland,,5406,5406
Wingham,-31.8500,152.3670,Australia,AU,New South Wales,,5374,5374
Irymple,-34.2333,142.1667,Australia,AU,Victoria,,5325,5325
Dunsborough,-33.6167,115.1000,Australia,AU,Western Australia,,5320,5320
Kununurra,-15.7736,128.7386,Australia,AU,Western Australia,,5308,5308
Smithfield Heights,-16.8314,145.6910,Australia,AU,Queensland,,5303,5303
Woolgoolga,-30.1150,153.2011,Australia,AU,New South Wales,,5290,5290
Bannockburn,-38.0500,144.1667,Australia,AU,Victoria,,5283,5283
Maffra,-37.9500,146.9830,Australia,AU,Victoria,,5280,5280
Tannum Sands,-23.9474,151.3675,Australia,AU,Queensland,,5145,5145
Ocean Shores,-28.5092,153.5375,Australia,AU,New South Wales,,5137,5137
Howard Springs,-12.4922,131.0530,Australia,AU,Northern Territory,,5132,5132
Leongatha,-38.4833,145.9500,Australia,AU,Victoria,,5119,5119
Worragee,-34.9144,150.6386,Australia,AU,New South Wales,,5068,5068
Tahmoor,-34.2233,150.5928,Australia,AU,New South Wales,,5067,5067
Red Cliffs,-34.3075,142.1881,Australia,AU,Victoria,,5060,5060
Glenbrook,-33.7650,150.6267,Australia,AU,New South Wales,,5051,5051
McMinns Lagoon,-12.5329,131.0500,Australia,AU,Northern Territory,,5025,5025
Kiama Downs,-34.6317,150.8511,Australia,AU,New South Wales,,5004,5004
Hazelbrook,-33.7250,150.4572,Australia,AU,New South Wales,,4974,4974
Wonthaggi,-38.6056,145.5917,Australia,AU,Victoria,,4965,4965
Junee,-34.8661,147.5822,Australia,AU,New South Wales,,4922,4922
Pinjarra,-32.6300,115.8711,Australia,AU,Western Australia,,4910,4910
Encounter Bay,-35.5742,138.6005,Australia,AU,South Australia,,4901,4901
Nairne,-35.0333,138.9167,Australia,AU,South Australia,,4842,4842
Cowes,-38.4511,145.2419,Australia,AU,Victoria,,4839,4839
Boulder,-30.7780,121.4890,Australia,AU,Western Australia,,4825,4825
Picton,-34.1817,150.6011,Australia,AU,New South Wales,,4816,4816
Salamander Bay,-32.7292,152.0894,Australia,AU,New South Wales,,4815,4815
Lakes Entrance,-37.8667,147.9833,Australia,AU,Victoria,,4810,4810
Mansfield,-37.0500,146.0830,Australia,AU,Victoria,,4787,4787
Churchill,-38.3167,146.4170,Australia,AU,Victoria,,4783,4783
Bucasia,-21.0311,149.1597,Australia,AU,Queensland,,4771,4771
Boyne Island,-23.9477,151.3550,Australia,AU,Queensland,,4760,4760
Blackwater,-23.4667,148.7667,Australia,AU,Queensland,,4749,4749
Millicent,-37.5967,140.3524,Australia,AU,South Australia,,4734,4734
Oakey,-27.4338,151.7211,Australia,AU,Queensland,,4705,4705
Temora,-34.4483,147.5344,Australia,AU,New South Wales,,4693,4693
Narromine,-32.2333,148.2333,Australia,AU,New South Wales,,4689,4689
Ningi,-27.0667,153.0833,Australia,AU,Queensland,,4675,4675
Bega,-36.6847,149.8422,Australia,AU,New South Wales,,4668,4668
Mount Low,-19.2247,146.6808,Australia,AU,Queensland,,4655,4655
Leura,-33.7089,150.3353,Australia,AU,New South Wales,,4644,4644
Renmark,-34.1741,140.7418,Australia,AU,South Australia,,4634,4634
South West Rocks,-30.8842,153.0403,Australia,AU,New South Wales,,4603,4603
Tanunda,-34.5167,138.9667,Australia,AU,South Australia,,4588,4588
Kadina,-33.9625,137.7125,Australia,AU,South Australia,,4587,2849
Newman,-23.3539,119.7319,Australia,AU,Western Australia,,4567,4567
Glenella,-21.1197,149.1542,Australia,AU,Queensland,,4519,4519
Roxby Downs,-30.5625,136.8785,Australia,AU,South Australia,,4500,3884
Numurkah,-36.0833,145.4333,Australia,AU,Victoria,,4477,4477
Korumburra,-38.4333,145.8167,Australia,AU,Victoria,,4469,4469
Rasmussen,-19.3497,146.7160,Australia,AU,Queensland,,4456,4456
Tatura,-36.4401,145.2330,Australia,AU,Victoria,,4448,4448
Carnarvon,-24.8672,113.6611,Australia,AU,Western Australia,,4426,4426
Romsey,-37.3500,144.7500,Australia,AU,Victoria,,4412,4412
Blackheath,-33.6317,150.2845,Australia,AU,New South Wales,,4396,4396
Bargo,-34.2983,150.5844,Australia,AU,New South Wales,,4393,4393
Old Bar,-31.9667,152.5830,Australia,AU,New South Wales,,4389,4389
Narrandera,-34.7483,146.5511,Australia,AU,New South Wales,,4375,4375
Ingham,-18.6500,146.1667,Australia,AU,Queensland,,4357,4357
Manjimup,-34.2411,116.1464,Australia,AU,Western Australia,,4349,4349
George Town,-41.1000,146.8167,Australia,AU,Tasmania,,4347,4347
Wyong,-33.2820,151.4180,Australia,AU,New South Wales,,4326,4326
Broadford,-37.2000,145.0670,Australia,AU,Victoria,,4319,4319
Drysdale,-38.1667,144.5667,Australia,AU,Victoria,,4275,4275
Narrogin,-32.9360,117.1780,Australia,AU,Western Australia,,4274,4274
Cockatoo,-37.9350,145.4920,Australia,AU,Victoria,,4256,4256
Victor Harbor,-35.5500,138.6167,Australia,AU,South Australia,,4233,4233
Moama,-36.0833,144.7500,Australia,AU,New South Wales,,4198,4198
Bungendore,-35.2483,149.4511,Australia,AU,New South Wales,,4178,4178
Latrobe,-41.2464,146.4246,Australia,AU,Tasmania,,4169,4169
Beachmere,-27.1294,153.0538,Australia,AU,Queensland,,4112,4112
Berri,-34.2833,140.6000,Australia,AU,South Australia,,4103,4088
Wellington,-32.5500,148.9333,Australia,AU,New South Wales,,4077,4077
Tenterfield,-29.0553,152.0178,Australia,AU,New South Wales,,4066,4066
Thirlmere,-34.1983,150.5678,Australia,AU,New South Wales,,4046,4046
Legana,-41.3667,147.0500,Australia,AU,Tasmania,,4029,4029
Faulconbridge,-33.6875,150.5439,Australia,AU,New South Wales,,4025,4025
The Entrance,-33.3472,151.4960,Australia,AU,New South Wales,,4006,4006
Cobar,-31.4997,145.8319,Australia,AU,New South Wales,,3990,3990
Wallaroo,-33.9167,137.6167,Australia,AU,South Australia,,3988,3481
Moruya,-35.9111,150.0806,Australia,AU,New South Wales,,3982,3982
Gerringong,-34.7483,150.8344,Australia,AU,New South Wales,,3966,3966
Sandstone Point,-27.0736,153.1233,Australia,AU,Queensland,,3959,3959
Tambourine,-27.8816,153.1300,Australia,AU,Queensland,,3950,3950
Margate,-43.0294,147.2617,Australia,AU,Tasmania,,3920,3920
Trafalgar,-38.2000,146.1500,Australia,AU,Victoria,,3912,3912
Somerset,-41.0500,145.8333,Australia,AU,Tasmania,,3903,3903
Marian,-21.1453,148.9431,Australia,AU,Queensland,,3903,3903
Weipa,-12.6167,141.8667,Australia,AU,Queensland,,3899,3899
Kerang,-35.7167,143.9167,Australia,AU,Victoria,,3893,3893
Westbrook,-27.6000,151.8333,Australia,AU,Queensland,,3885,3885
Smithton,-40.8440,145.1200,Australia,AU,Tasmania,,3881,3881
Longford,-41.5958,147.1220,Australia,AU,Tasmania,,3863,3863
Karana Downs,-27.5500,152.8170,Australia,AU,Queensland,,3862,3862
Beechworth,-36.3594,146.6869,Australia,AU,Victoria,,3859,3859
Penguin,-41.1167,146.0708,Australia,AU,Tasmania,,3849,3849
Anna Bay,-32.7817,152.0844,Australia,AU,New South Wales,,3846,3846
Loxton,-34.4539,140.5669,Australia,AU,South Australia,,3838,3838
Pearcedale,-38.2030,145.2310,Australia,AU,Victoria,,3821,3821
Landsborough,-26.8091,152.9655,Australia,AU,Queensland,,3812,3812
Laidley,-27.6313,152.3938,Australia,AU,Queensland,,3808,3808
Wonga Park,-37.7390,145.2670,Australia,AU,Victoria,,3796,3796
Peregian Beach,-26.4810,153.0960,Australia,AU,Queensland,,3791,3791
Cooroy,-26.4166,152.9119,Australia,AU,Queensland,,3791,3791
Bellingen,-30.4483,152.9011,Australia,AU,New South Wales,,3779,3779
Riddell,-37.4667,144.6830,Australia,AU,Victoria,,3753,3753
Suffolk Park,-28.6983,153.6178,Australia,AU,New South Wales,,3750,3750
Buninyong,-37.6503,143.8839,Australia,AU,Victoria,,3714,3714
Weston,-32.8103,151.4561,Australia,AU,New South Wales,,3693,3693
Katanning,-33.6908,117.5553,Australia,AU,Western Australia,,3687,3687
Bellbrae,-38.3333,144.3000,Australia,AU,Victoria,,3683,865
Sawtell,-30.3650,153.1011,Australia,AU,New South Wales,,3682,3682
Silverdale,-33.9150,150.6094,Australia,AU,New South Wales,,3682,3682
Tallebudgera,-28.1489,153.4180,Australia,AU,Queensland,,3667,3667
Bay View,-33.6592,151.2861,Australia,AU,New South Wales,,3620,3620
Portarlington,-38.1167,144.6500,Australia,AU,Victoria,,3619,3619
Nanango,-26.6667,152.0000,Australia,AU,Queensland,,3599,3599
Logan Village,-27.7667,153.1000,Australia,AU,Queensland,,3586,3586
Koo-Wee-Rup,-38.1980,145.4890,Australia,AU,Victoria,,3579,3579
Glass House Mountains,-26.9000,152.9167,Australia,AU,Queensland,,3576,3576
Sussex Inlet,-35.1250,150.5436,Australia,AU,New South Wales,,3575,3575
Proserpine,-20.4017,148.5814,Australia,AU,Queensland,,3562,3562
Merimbula,-36.8983,149.9011,Australia,AU,New South Wales,,3544,3544
Scarness,-25.2833,152.8500,Australia,AU,Queensland,,3519,3519
Port Douglas,-16.4834,145.4652,Australia,AU,Queensland,,3504,3504
Gosford,-33.4233,151.3414,Australia,AU,New South Wales,,3499,3499
Bridgewater,-35.0164,138.7680,Australia,AU,South Australia,,3498,3498
Lake Cathie,-31.5483,152.8511,Australia,AU,New South Wales,,3494,3494
Condobolin,-33.0886,147.1494,Australia,AU,New South Wales,,3486,3486
Paynesville,-37.9167,147.7167,Australia,AU,Victoria,,3480,3480
Woodford,-26.9408,152.7669,Australia,AU,Queensland,,3458,3458
Maddingley,-37.6864,144.4336,Australia,AU,Victoria,,3453,3453
Hurstbridge,-37.6389,145.1950,Australia,AU,Victoria,,3450,3450
Quirindi,-31.5081,150.6800,Australia,AU,New South Wales,,3444,3444
Maleny,-26.7580,152.8513,Australia,AU,Queensland,,3441,3441
Calliope,-24.0061,151.1988,Australia,AU,Queensland,,3438,3438
North Beach,-31.8610,115.7580,Australia,AU,Western Australia,,3410,3410
Walkerston,-21.1608,149.0591,Australia,AU,Queensland,,3403,3403
Blayney,-33.5333,149.2500,Australia,AU,New South Wales,,3378,3378
Camperdown,-38.2333,143.1500,Australia,AU,Victoria,,3369,3369
Aldgate,-35.0153,138.7360,Australia,AU,South Australia,,3361,3361
Port Fairy,-38.3840,142.2350,Australia,AU,Victoria,,3340,3340
Tyabb,-38.2590,145.1890,Australia,AU,Victoria,,3338,3338
Lowood,-27.4667,152.5833,Australia,AU,Queensland,,3336,3336
Charleville,-26.4016,146.2383,Australia,AU,Queensland,,3335,3335
Derby,-17.3056,123.6339,Australia,AU,Western Australia,,3325,3325
Mooloolah,-26.7625,152.9633,Australia,AU,Queensland,,3321,3321
Pittsworth,-27.7167,151.6333,Australia,AU,Queensland,,3294,3294
Vincentia,-35.0758,150.6742,Australia,AU,New South Wales,,3290,3290
Coonabarabran,-31.2650,149.2678,Australia,AU,New South Wales,,3290,3290
Euroa,-36.7500,145.5670,Australia,AU,Victoria,,3275,3275
Oberon,-33.7167,149.8667,Australia,AU,New South Wales,,3256,3256
Woombye,-26.6667,152.9670,Australia,AU,Queensland,,3246,3246
Nhulunbuy,-12.1825,136.7819,Australia,AU,Northern Territory,,3240,3240
Camden,-34.0544,150.6958,Australia,AU,New South Wales,,3230,3230
Murrumbateman,-34.9625,149.0261,Australia,AU,New South Wales,,3219,3219
Fernvale,-27.4500,152.6500,Australia,AU,Queensland,,3209,3209
East Hills,-33.9567,150.9844,Australia,AU,New South Wales,,3206,3206
Bohle Plains,-19.3136,146.6919,Australia,AU,Queensland,,3205,3205
Junortoun,-36.7667,144.3500,Australia,AU,Victoria,,3201,3201
Myrtleford,-36.5500,146.7170,Australia,AU,Victoria,,3193,3193
Crib Point,-38.3630,145.2020,Australia,AU,Victoria,,3183,3183
Marcoola,-26.5833,153.0830,Australia,AU,Queensland,,3173,3173
Mullumbimby,-28.5500,153.5000,Australia,AU,New South Wales,,3172,3172
Creswick,-37.4333,143.9000,Australia,AU,Victoria,,3170,3170
Clare,-33.8333,138.6000,Australia,AU,South Australia,,3160,3160
Tura Beach,-36.8483,149.9261,Australia,AU,New South Wales,,3158,3158
Eden,-37.0650,149.9011,Australia,AU,New South Wales,,3151,3151
West Wyalong,-33.9167,147.2167,Australia,AU,New South Wales,,3141,3141
Gilgandra,-31.7000,148.6667,Australia,AU,New South Wales,,3126,3126
Rochester,-36.3667,144.7000,Australia,AU,Victoria,,3113,3113
McLaren Vale,-35.2198,138.5411,Australia,AU,South Australia,,3096,3096
Miners Rest,-37.4860,143.7570,Australia,AU,Victoria,,3095,3095
Robinvale,-34.5833,142.7667,Australia,AU,Victoria,,3088,3088
Wilton,-34.2400,150.7011,Australia,AU,New South Wales,,3080,3080
Riverview,-27.6000,152.8500,Australia,AU,Queensland,,3073,3073
Bogangar,-28.3317,153.5594,Australia,AU,New South Wales,,3060,3060
Shoalhaven Heads,-34.8500,150.7417,Australia,AU,New South Wales,,3059,3059
Saint George,-28.0363,148.5797,Australia,AU,Queensland,,3048,3048
Little Hampton,-35.0500,138.8500,Australia,AU,South Australia,,3044,3044
Clermont,-22.8230,147.6383,Australia,AU,Queensland,,3031,3031
Home Hill,-19.6611,147.4139,Australia,AU,Queensland,,3027,2954
Central Coast,-33.4200,151.3000,Australia,AU,New South Wales,,3026,3026
Kuranda,-16.8197,145.6369,Australia,AU,Queensland,,3008,3008
Wilberforce,-33.5594,150.8410,Australia,AU,New South Wales,,3007,3007
Tom Price,-22.6939,117.7950,Australia,AU,Western Australia,,3005,3005
Urunga,-30.5000,153.0167,Australia,AU,New South Wales,,3000,3000
Dysart,-22.5855,148.3508,Australia,AU,Queensland,,2991,2991
Two Rocks,-31.4950,115.5880,Australia,AU,Western Australia,,2990,2990
Ballan,-37.6020,144.2290,Australia,AU,Victoria,,2985,2985
Gloucester,-32.0094,151.9603,Australia,AU,New South Wales,,2975,2975
Bonny Hills,-31.5817,152.8344,Australia,AU,New South Wales,,2971,2971
Longreach,-23.4422,144.2491,Australia,AU,Queensland,,2970,2970
Stirling,-35.0022,138.7060,Australia,AU,South Australia,,2966,2966
Perth,-41.5731,147.1714,Australia,AU,Tasmania,,2965,2965
Bordertown,-36.3118,140.7702,Australia,AU,South Australia,,2953,2953
Lewiston,-34.6044,138.5914,Australia,AU,South Australia,,2947,2947
Waroona,-32.8667,115.9167,Australia,AU,Western Australia,,2934,2934
Leschenault,-33.2450,115.7350,Australia,AU,Western Australia,,2932,2932
Terranora,-28.2456,153.5025,Australia,AU,New South Wales,,2926,2926
Kapunda,-34.3389,138.9167,Australia,AU,South Australia,,2917,2917
Woori Yallock,-37.7780,145.5280,Australia,AU,Victoria,,2913,2913
Saint Georges Basin,-35.1300,150.6269,Australia,AU,New South Wales,,2913,2913
Pomona,-26.3625,152.8564,Australia,AU,Queensland,,2910,2910
Sorell,-42.7831,147.5625,Australia,AU,Tasmania,,2907,2907
Tea Gardens,-32.6669,152.1594,Australia,AU,New South Wales,,2884,2884
Culburra,-34.9347,150.7539,Australia,AU,New South Wales,,2874,2874
Yarra Glen,-37.6489,145.3719,Australia,AU,Victoria,,2869,2869
Beaconsfield Upper,-37.9960,145.4150,Australia,AU,Victoria,,2861,2861
Morisset,-33.1150,151.5011,Australia,AU,New South Wales,,2857,2857
Cohuna,-35.8000,144.2000,Australia,AU,Victoria,,2853,2853
Merredin,-31.4820,118.2790,Australia,AU,Western Australia,,2850,2850
Deloraine,-41.5333,146.6667,Australia,AU,Tasmania,,2848,2848
Evans Head,-29.1150,153.4344,Australia,AU,New South Wales,,2847,2847
Rosewood,-27.6333,152.5830,Australia,AU,Queensland,,2834,2834
Greta,-32.6872,151.3844,Australia,AU,New South Wales,,2830,2830
Wollongbar,-28.8150,153.4011,Australia,AU,New South Wales,,2828,2828
Donnybrook,-33.5800,115.8200,Australia,AU,Western Australia,,2824,2824
McCrae,-38.3497,144.9281,Australia,AU,Victoria,,2823,2823
Angle Vale,-34.6420,138.6470,Australia,AU,South Australia,,2818,2818
Bridgetown,-33.9583,116.1381,Australia,AU,Western Australia,,2812,2812
North Wonthaggi,-38.6000,145.6000,Australia,AU,Victoria,,2806,2806
Heathcote,-36.9167,144.7000,Australia,AU,Victoria,,2793,2793
Howlong,-35.9817,146.6344,Australia,AU,New South Wales,,2777,2777
Williamstown,-34.6721,138.8884,Australia,AU,South Australia,,2755,2755
Harvey,-33.0800,115.8900,Australia,AU,Western Australia,,2750,2750
Coonamble,-30.9317,148.3678,Australia,AU,New South Wales,,2750,2750
Uralla,-30.6472,151.4956,Australia,AU,New South Wales,,2743,2743
Bundanoon,-34.6556,150.2994,Australia,AU,New South Wales,,2729,2729
Cloncurry,-20.7000,140.5000,Australia,AU,Queensland,,2719,2719
Tolga,-17.2230,145.4788,Australia,AU,Queensland,,2718,2718
Huonville,-43.0333,147.0333,Australia,AU,Tasmania,,2714,2714
Merbein,-34.1667,142.0500,Australia,AU,Victoria,,2713,2713
Alexandra,-37.1917,145.7100,Australia,AU,Victoria,,2695,2695
Waikerie,-34.1667,139.9833,Australia,AU,South Australia,,2684,2684
Point Lonsdale,-38.2833,144.6000,Australia,AU,Victoria,,2684,2684
Hill Top,-34.3525,150.4917,Australia,AU,New South Wales,,2674,2674
Stirling North,-32.5167,137.8333,Australia,AU,South Australia,,2673,2673
Hahndorf,-35.0303,138.8076,Australia,AU,South Australia,,2670,2670
Berry,-34.7817,150.7011,Australia,AU,New South Wales,,2667,2667
Burnett Heads,-24.7667,152.4000,Australia,AU,Queensland,,2656,2656
Moore Park,-24.7108,152.2388,Australia,AU,Queensland,,2650,2650
Burradoo,-34.5031,150.4089,Australia,AU,New South Wales,,2645,2645
Mannum,-34.9151,139.3044,Australia,AU,South Australia,,2644,2644
Wooroloo,-31.8030,116.3140,Australia,AU,Western Australia,,2642,2642
Crookwell,-34.4567,149.4678,Australia,AU,New South Wales,,2641,2641
Appin,-34.2067,150.7844,Australia,AU,New South Wales,,2633,2633
Cooloola Cove,-25.9805,152.9944,Australia,AU,Queensland,,2633,2633
Cooktown,-15.4690,145.2515,Australia,AU,Queensland,,2631,2631
Jindabyne,-36.4150,148.6178,Australia,AU,New South Wales,,2629,2629
Maclean,-29.4567,153.2011,Australia,AU,New South Wales,,2628,2628
Stratford,-37.9667,147.0830,Australia,AU,Victoria,,2617,2617
Lawson,-33.7178,150.4322,Australia,AU,New South Wales,,2614,2614
Thursday Island,-10.5789,142.2200,Australia,AU,Queensland,,2610,2610
Woodside,-34.9531,138.8742,Australia,AU,South Australia,,2608,2608
Narooma,-36.2000,150.1333,Australia,AU,New South Wales,,2605,2605
Macksville,-30.7175,152.9172,Australia,AU,New South Wales,,2598,2598
Molong,-33.0981,148.8561,Australia,AU,New South Wales,,2577,2577
Grenfell,-33.9097,148.1950,Australia,AU,New South Wales,,2573,2573
Yarrabah Aboriginal Community,-16.9094,145.8703,Australia,AU,Queensland,,2559,2559
Denmark,-34.9600,117.3531,Australia,AU,Western Australia,,2558,2558
Bonville,-30.3833,153.0500,Australia,AU,New South Wales,,2554,2554
Walcha,-30.9833,151.6000,Australia,AU,New South Wales,,2553,2553
Manilla,-30.7483,150.7178,Australia,AU,New South Wales,,2550,2550
Yarra Junction,-37.7790,145.6060,Australia,AU,Victoria,,2549,2549
Daylesford,-37.3500,144.1500,Australia,AU,Victoria,,2548,2548
York,-31.8883,116.7686,Australia,AU,Western Australia,,2548,2535
Anglesea,-38.4064,144.1869,Australia,AU,Victoria,,2545,2545
Kambalda,-31.2000,121.6700,Australia,AU,Western Australia,,2539,2539
Lobethal,-34.9000,138.8667,Australia,AU,South Australia,,2527,2527
The Oaks,-34.0817,150.5678,Australia,AU,New South Wales,,2525,2525
Gulgong,-32.3650,149.5344,Australia,AU,New South Wales,,2521,2521
Finley,-35.6317,145.5678,Australia,AU,New South Wales,,2519,2519
Capel,-33.5570,115.5700,Australia,AU,Western Australia,,2509,2509
Korora,-30.2503,153.1156,Australia,AU,New South Wales,,2488,2488
Exmouth,-21.9331,114.1281,Australia,AU,Western Australia,,2486,2486
Boonah,-27.9997,152.6816,Australia,AU,Queensland,,2484,2484
Saint Leonards,-38.1667,144.7167,Australia,AU,Victoria,,2480,2480
Vasse,-33.6900,115.3000,Australia,AU,Western Australia,,2479,2479
Aberdare,-32.8428,151.3803,Australia,AU,New South Wales,,2473,2473
Bunyip,-38.0833,145.7170,Australia,AU,Victoria,,2468,2468
Dodges Ferry,-42.8539,147.6194,Australia,AU,Tasmania,,2467,2467
Lancefield,-37.2667,144.7167,Australia,AU,Victoria,,2455,2455
Palm Island,-18.7345,146.5794,Australia,AU,Queensland,,2455,2455
Currie,-39.9311,143.8510,Australia,AU,Tasmania,minor,768,768
